Source_File,Field_Name,Detected,Purpose
balance_iteration_01.csv,Unit_ID,Yes,
balance_iteration_01.csv,Unit_Name,Yes,
balance_iteration_01.csv,Faction,Yes,
balance_iteration_01.csv,Role,Yes,
balance_iteration_01.csv,Iteration_Target,Yes,
balance_iteration_01.csv,Changed_Parameter,Yes,
balance_iteration_01.csv,Old_Value,Yes,
balance_iteration_01.csv,New_Value,Yes,
balance_iteration_01.csv,Parameter_Change_Percent,Yes,
balance_iteration_01.csv,Before_Wins,Yes,
balance_iteration_01.csv,Before_Losses,Yes,
balance_iteration_01.csv,Before_Draws,Yes,
balance_iteration_01.csv,Before_Win_Rate,Yes,
balance_iteration_01.csv,After_Wins,Yes,
balance_iteration_01.csv,After_Losses,Yes,
balance_iteration_01.csv,After_Draws,Yes,
balance_iteration_01.csv,After_Win_Rate,Yes,
balance_iteration_01.csv,Win_Rate_Delta,Yes,
balance_iteration_01.csv,Before_Deviation,Yes,
balance_iteration_01.csv,After_Deviation,Yes,
balance_iteration_01.csv,Before_Status,Yes,
balance_iteration_01.csv,After_Status,Yes,
balance_iteration_01.csv,Iteration_Effect,Yes,
balance_iteration_01.csv,Unit_ID,Yes,Unit_ID
balance_iteration_01.csv,Unit_Name,Yes,Unit_Name
balance_iteration_01.csv,Iteration_Target,Yes,Iteration_Target
balance_iteration_01.csv,Iteration_Target,Yes,Change_Type
balance_iteration_01.csv,Changed_Parameter,Yes,Changed_Parameter
balance_iteration_01.csv,Old_Value,Yes,Old_Value
balance_iteration_01.csv,New_Value,Yes,New_Value
