Unit_ID,Unit_Name,Faction,Role,HP,Damage,Attack_Interval,DPS,Cost,Wins,Losses,Draws,Total_Matches,Win_Rate,Win_Rate_Deviation,Combat_Score,Status,Severity,Matchup_Wins,Matchup_Losses,Matchup_Draws,Possible_Causes,Recommendations
UND_04,Witch,Undead,Support,700.0,98.0,1.4,70.0,110.0,0,9,2,11,0.0,-50.0,9.09,Very Low,Critical,0,0,0,"Unfavorable 1v1 matchup spread | HP-to-damage relationship may be inefficient | Low 1v1 Win Rate may be expected because team utility is not represented | Losses substantially exceed wins | Current simulation excludes abilities, movement and positioning","Review HP, Damage and Attack Interval | Inspect most frequent losing matchups | Compare combat efficiency relative to Cost | Evaluate in team scenarios rather than relying on 1v1 Win Rate | Prioritize this unit in the next balance iteration | Do not change final values before ability and team-based testing"
ELF_04,Elven Scholar,Forest & Dark Elves,Support,700.0,98.0,1.4,70.0,120.0,0,9,2,11,0.0,-50.0,9.09,Very Low,Critical,0,0,0,"Unfavorable 1v1 matchup spread | HP-to-damage relationship may be inefficient | Low 1v1 Win Rate may be expected because team utility is not represented | Losses substantially exceed wins | Current simulation excludes abilities, movement and positioning","Review HP, Damage and Attack Interval | Inspect most frequent losing matchups | Compare combat efficiency relative to Cost | Evaluate in team scenarios rather than relying on 1v1 Win Rate | Prioritize this unit in the next balance iteration | Do not change final values before ability and team-based testing"
HOR_02,Stone Ogre,Horde,Tank,1760.0,96.0,1.6,60.0,150.0,11,0,0,11,100.0,50.0,100.0,Very High,Critical,0,0,0,"Favorable 1v1 matchup spread | HP-to-damage relationship may be too efficient | Survivability may be too high for 1v1 combat | Wins substantially exceed losses | Current simulation excludes abilities, movement and positioning","Review HP, Damage and Attack Interval | Inspect strongest winning matchups | Compare combat efficiency relative to Cost | Test whether high survivability is driving the result | Prioritize this unit in the next balance iteration | Do not change final values before ability and team-based testing"
HOR_04,Boneclub Troll,Horde,Support,700.0,98.0,1.4,70.0,100.0,0,9,2,11,0.0,-50.0,9.09,Very Low,Critical,0,0,0,"Unfavorable 1v1 matchup spread | HP-to-damage relationship may be inefficient | Low 1v1 Win Rate may be expected because team utility is not represented | Losses substantially exceed wins | Current simulation excludes abilities, movement and positioning","Review HP, Damage and Attack Interval | Inspect most frequent losing matchups | Compare combat efficiency relative to Cost | Evaluate in team scenarios rather than relying on 1v1 Win Rate | Prioritize this unit in the next balance iteration | Do not change final values before ability and team-based testing"
ELF_02,Great Forest Bear,Forest & Dark Elves,Tank,1600.0,96.0,1.6,60.0,130.0,10,1,0,11,90.91,40.91,90.91,Very High,Critical,0,0,0,"Favorable 1v1 matchup spread | HP-to-damage relationship may be too efficient | Survivability may be too high for 1v1 combat | Wins substantially exceed losses | Current simulation excludes abilities, movement and positioning","Review HP, Damage and Attack Interval | Inspect strongest winning matchups | Compare combat efficiency relative to Cost | Test whether high survivability is driving the result | Prioritize this unit in the next balance iteration | Do not change final values before ability and team-based testing"
ELF_01,Elven Swordsman,Forest & Dark Elves,Infantry,950.0,80.0,0.8,100.0,100.0,9,2,0,11,81.82,31.819999999999993,81.82,Very High,Critical,0,0,0,"Favorable 1v1 matchup spread | HP-to-damage relationship may be too efficient | Damage, durability or attack tempo may be too efficient | Wins substantially exceed losses | Current simulation excludes abilities, movement and positioning","Review HP, Damage and Attack Interval | Inspect strongest winning matchups | Compare combat efficiency relative to Cost | Test whether offensive efficiency is too high | Prioritize this unit in the next balance iteration | Do not change final values before ability and team-based testing"
HOR_01,Blade Goblin,Horde,Infantry,900.0,71.25,0.95,75.0,90.0,3,8,0,11,27.27,-22.73,27.27,Very Low,High,0,0,0,"Unfavorable 1v1 matchup spread | HP-to-damage relationship may be inefficient | Damage, durability or attack tempo may be insufficient | Losses substantially exceed wins | Current simulation excludes abilities, movement and positioning","Review HP, Damage and Attack Interval | Inspect most frequent losing matchups | Compare combat efficiency relative to Cost | Test whether the unit reaches its intended damage window | Prioritize this unit in the next balance iteration | Do not change final values before ability and team-based testing"
UND_01,Skeleton Swordsman,Undead,Infantry,800.0,81.0,0.9,90.0,85.0,4,7,0,11,36.36,-13.64,36.36,Low,Medium,0,0,0,"Unfavorable 1v1 matchup spread | HP-to-damage relationship may be inefficient | Damage, durability or attack tempo may be insufficient | Current simulation excludes abilities, movement and positioning","Review HP, Damage and Attack Interval | Inspect most frequent losing matchups | Compare combat efficiency relative to Cost | Test whether the unit reaches its intended damage window | Do not change final values before ability and team-based testing"
UND_02,Bone Dragon,Undead,Tank,1440.0,96.0,1.6,60.0,140.0,5,6,0,11,45.45,-4.549999999999997,45.45,Balanced,Low,0,0,0,"No major numerical 1v1 deviation detected | Current simulation excludes abilities, movement and positioning",No immediate numerical rebalance required | Continue testing abilities and team interactions | Do not change final values before ability and team-based testing
UND_03,Spear Devil,Undead,Ranged,800.0,132.0,1.2,110.0,95.0,6,3,2,11,54.55,4.549999999999997,63.64,Balanced,Low,0,0,0,"No major numerical 1v1 deviation detected | Current simulation excludes abilities, movement and positioning",No immediate numerical rebalance required | Continue testing abilities and team interactions | Do not change final values before ability and team-based testing
ELF_03,Elven Mage,Forest & Dark Elves,Ranged,800.0,132.0,1.2,110.0,110.0,6,3,2,11,54.55,4.549999999999997,63.64,Balanced,Low,0,0,0,"No major numerical 1v1 deviation detected | Current simulation excludes abilities, movement and positioning",No immediate numerical rebalance required | Continue testing abilities and team interactions | Do not change final values before ability and team-based testing
HOR_03,Orc Thrower,Horde,Ranged,800.0,132.0,1.2,110.0,100.0,6,3,2,11,54.55,4.549999999999997,63.64,Balanced,Low,0,0,0,"No major numerical 1v1 deviation detected | Current simulation excludes abilities, movement and positioning",No immediate numerical rebalance required | Continue testing abilities and team interactions | Do not change final values before ability and team-based testing
