Unit_ID,Unit_Name,Faction,Role,Iteration_Target,Changed_Parameter,Old_Value,New_Value,Parameter_Change_Percent,Before_Wins,Before_Losses,Before_Draws,Before_Win_Rate,After_Wins,After_Losses,After_Draws,After_Win_Rate,Win_Rate_Delta,Before_Deviation,After_Deviation,Before_Status,After_Status,Iteration_Effect
UND_01,Skeleton Swordsman,Undead,Infantry,No,,,,,4,7,0,36.36,3,8,0,27.27,-9.09,-13.64,-22.73,Low,Low,Further from 50%
UND_02,Bone Dragon,Undead,Tank,No,,,,,5,6,0,45.45,5,6,0,45.45,0.0,-4.55,-4.55,Balanced,Balanced,No Win Rate change
UND_03,Spear Devil,Undead,Ranged,No,,,,,6,3,2,63.64,6,3,2,63.64,0.0,13.64,13.64,High,High,No Win Rate change
UND_04,Witch,Undead,Support,No,,,,,0,9,2,9.09,0,9,2,9.09,0.0,-40.91,-40.91,Low,Low,No Win Rate change
ELF_01,Elven Swordsman,Forest & Dark Elves,Infantry,No,,,,,9,1,1,86.36,9,0,2,90.91,4.55,36.36,40.91,High,High,Further from 50%
ELF_02,Great Forest Bear,Forest & Dark Elves,Tank,No,,,,,9,1,1,86.36,9,1,1,86.36,0.0,36.36,36.36,High,High,No Win Rate change
ELF_03,Elven Mage,Forest & Dark Elves,Ranged,No,,,,,6,3,2,63.64,6,3,2,63.64,0.0,13.64,13.64,High,High,No Win Rate change
ELF_04,Elven Scholar,Forest & Dark Elves,Support,No,,,,,0,9,2,9.09,0,9,2,9.09,0.0,-40.91,-40.91,Low,Low,No Win Rate change
HOR_01,Blade Goblin,Horde,Infantry,Buff Candidate,Damage,71.25,74.81,5.0,3,8,0,27.27,4,7,0,36.36,9.09,-22.73,-13.64,Low,Low,Closer to 50%
HOR_02,Stone Ogre,Horde,Tank,Nerf Candidate,Damage,96.0,91.2,-5.0,11,0,0,100.0,10,0,1,95.45,-4.55,50.0,45.45,High,High,Closer to 50%
HOR_03,Orc Thrower,Horde,Ranged,No,,,,,6,3,2,63.64,6,3,2,63.64,0.0,13.64,13.64,High,High,No Win Rate change
HOR_04,Boneclub Troll,Horde,Support,No,,,,,0,9,2,9.09,0,9,2,9.09,0.0,-40.91,-40.91,Low,Low,No Win Rate change
