Unit_ID,Unit_Name,Role,Battles,Wins,Losses,Draws,Win_Rate,Draw_Rate,Combat_Score,Wins_Against,Losses_Against,Draws_Against
UND_01,Skeleton Swordsman,Infantry,11,4,7,0,36.36,0.0,36.36,UND_04; ELF_04; HOR_01; HOR_04,UND_02; UND_03; ELF_01; ELF_02; ELF_03; HOR_02; HOR_03,
UND_02,Bone Dragon,Tank,11,5,6,0,45.45,0.0,45.45,UND_01; UND_04; ELF_04; HOR_01; HOR_04,UND_03; ELF_01; ELF_02; ELF_03; HOR_02; HOR_03,
UND_03,Spear Devil,Ranged,11,6,3,2,54.55,18.18,63.64,UND_01; UND_02; UND_04; ELF_04; HOR_01; HOR_04,ELF_01; ELF_02; HOR_02,ELF_03; HOR_03
UND_04,Witch,Support,11,0,9,2,0.0,18.18,9.09,,UND_01; UND_02; UND_03; ELF_01; ELF_02; ELF_03; HOR_01; HOR_02; HOR_03,ELF_04; HOR_04
ELF_01,Elven Swordsman,Infantry,11,9,2,0,81.82,0.0,81.82,UND_01; UND_02; UND_03; UND_04; ELF_03; ELF_04; HOR_01; HOR_03; HOR_04,ELF_02; HOR_02,
ELF_02,Great Forest Bear,Tank,11,10,1,0,90.91,0.0,90.91,UND_01; UND_02; UND_03; UND_04; ELF_01; ELF_03; ELF_04; HOR_01; HOR_03; HOR_04,HOR_02,
ELF_03,Elven Mage,Ranged,11,6,3,2,54.55,18.18,63.64,UND_01; UND_02; UND_04; ELF_04; HOR_01; HOR_04,ELF_01; ELF_02; HOR_02,UND_03; HOR_03
ELF_04,Elven Scholar,Support,11,0,9,2,0.0,18.18,9.09,,UND_01; UND_02; UND_03; ELF_01; ELF_02; ELF_03; HOR_01; HOR_02; HOR_03,UND_04; HOR_04
HOR_01,Blade Goblin,Infantry,11,3,8,0,27.27,0.0,27.27,UND_04; ELF_04; HOR_04,UND_01; UND_02; UND_03; ELF_01; ELF_02; ELF_03; HOR_02; HOR_03,
HOR_02,Stone Ogre,Tank,11,11,0,0,100.0,0.0,100.0,UND_01; UND_02; UND_03; UND_04; ELF_01; ELF_02; ELF_03; ELF_04; HOR_01; HOR_03; HOR_04,,
HOR_03,Orc Thrower,Ranged,11,6,3,2,54.55,18.18,63.64,UND_01; UND_02; UND_04; ELF_04; HOR_01; HOR_04,ELF_01; ELF_02; HOR_02,UND_03; ELF_03
HOR_04,Boneclub Troll,Support,11,0,9,2,0.0,18.18,9.09,,UND_01; UND_02; UND_03; ELF_01; ELF_02; ELF_03; HOR_01; HOR_02; HOR_03,UND_04; ELF_04
