Unit_ID,Unit_Name,Change_Type,Old_Win_Rate,New_Win_Rate,Win_Rate_Change,Old_Distance_From_50,New_Distance_From_50,Distance_Change,Iteration_Result
UND_01,Skeleton Swordsman,Indirect,36.36,27.27,-9.09,13.64,22.73,9.09,Worsened
UND_02,Bone Dragon,Indirect,45.45,45.45,0.0,4.549999999999997,4.549999999999997,0.0,Unchanged
UND_03,Spear Devil,Indirect,63.64,63.64,0.0,13.64,13.64,0.0,Unchanged
UND_04,Witch,Indirect,9.09,9.09,0.0,40.91,40.91,0.0,Unchanged
ELF_01,Elven Swordsman,Indirect,86.36,90.91,4.549999999999997,36.36,40.91,4.549999999999997,Worsened
ELF_02,Great Forest Bear,Indirect,86.36,86.36,0.0,36.36,36.36,0.0,Unchanged
ELF_03,Elven Mage,Indirect,63.64,63.64,0.0,13.64,13.64,0.0,Unchanged
ELF_04,Elven Scholar,Indirect,9.09,9.09,0.0,40.91,40.91,0.0,Unchanged
HOR_01,Blade Goblin,Indirect,27.27,36.36,9.09,22.73,13.64,-9.09,Improved
HOR_02,Stone Ogre,Indirect,100.0,95.45,-4.549999999999997,50.0,45.45,-4.549999999999997,Improved
HOR_03,Orc Thrower,Indirect,63.64,63.64,0.0,13.64,13.64,0.0,Unchanged
HOR_04,Boneclub Troll,Indirect,9.09,9.09,0.0,40.91,40.91,0.0,Unchanged
