Risk_ID,Category,Related_Units,Risk_Description,Test_Hypothesis,Status,Evidence_Source,Calculated_Result,Interpretation,Next_Action
RISK_001,Debuff Synergy,UND_03; UND_04,Combined Damage and Attack Speed reduction may suppress enemy DPS too strongly,Test combined DPS reduction and target survivability,Analyzed — Needs Playtest,SCN_005,Combined modifier = (1-15%)*(1-20%) = 0.68; normalized DPS reduction = 32%,Combined Cursed Spear and Curse can substantially reduce sustained enemy DPS when both debuffs are active,Playtest combined debuffs against multiple attacker archetypes and compare TTK
RISK_002,CC Chain,HOR_04,Multiple Boneclub Trolls may create excessive consecutive stun duration,Test 1–3 Trolls against a single target,Not Tested,Not calculated yet,"Requires tests with 1, 2 and 3 Boneclub Trolls",Current single-target calculations do not determine whether multiple Trolls can create excessive consecutive CC,Create multi-Troll CC-chain scenario
RISK_003,Defensive Synergy,ELF_02; ELF_04,Guardian Roar combined with Arcane Shield may make the Bear too difficult to eliminate,Test Bear survivability with and without Arcane Shield,Analyzed — Needs Playtest,SCN_012; SCN_013,Arcane Shield adds 350 HP to Bear; theoretical effective HP increases from 1600 to 1950 (+21.875%); normalized TTK increases from 16 to 19.5 sec,"Arcane Shield can meaningfully increase Bear survivability, but the full theoretical benefit requires the 350 HP shield to be consumed during its 6-sec duration",Playtest Guardian Roar + Arcane Shield against burst and sustained damage; measure shield utilization and actual survivability increase
RISK_004,Sustain Synergy,UND_01; UND_02,Reassembled Skeleton may trigger Death Feast again after its second death,Compare Bone Dragon healing with and without Reassemble deaths,Analyzed — Needs Playtest,SCN_006; SCN_007; SCN_008,Reassemble restores 280 HP; one Death Feast trigger heals 43.2 HP; Death Feast cap = 86.4 HP/sec,"Reassembled Skeleton deaths can increase Bone Dragon sustain, but total impact depends on death frequency and positioning",Simulate repeated nearby deaths and compare total Bone Dragon healing
RISK_005,Debuff Reliability,UND_03,Cursed Spear may require too much or too little time to activate depending on Spear Devil attack rate,Measure time to reach 3 hits and compare it with typical combat and burst windows,Analyzed — Needs Playtest,SCN_011,Attack Interval = 1.2 sec; 3 hits require 2 intervals after the first hit; Time_to_Proc = (3-1)*1.2 = 2.4 sec,Cursed Spear requires 2.4 sec from the first successful hit to the third hit that activates the debuff,Validate 2.4-sec Time_to_Proc against burst windows and realistic target movement
RISK_006,Modifier Interaction,UND_04; HOR_01,Curse and Blood Rush modify Attack Speed in opposite directions and require a consistent stacking rule,Compare additive and multiplicative modifier models and measure their effect on Goblin DPS,Analyzed — Needs Playtest,SCN_009,Current multiplicative model: 1.5*0.8 = 1.2; Goblin DPS = 75*1.2 = 90,Under the current multiplicative model Curse partially offsets Blood Rush without completely cancelling it,Compare multiplicative model with alternative stacking rule and choose one global modifier rule
RISK_007,Mobility Rule,ELF_01,Evasive Step behavior is undefined when the dash path is blocked by enemy units,Compare blocked-dash rules and determine which creates clear counterplay without making the ability excessively punishing,Not Tested,,,,
RISK_008,Ability Timing,ELF_02,Guardian Roar may provide very low value if baited before the main enemy engagement,Test whether the 16-second cooldown creates sufficient punishment for premature activation without making the ability too unreliable,Not Tested,,,,
RISK_009,Projectile Rule,ELF_03,Focused Bolt target and projectile collision behavior must be defined,Compare target-locked and collision-based targeting to determine which provides clearer counterplay and target-selection depth,Not Tested,,,,
RISK_010,Defensive Cooldown,ELF_04,Arcane Shield may lose most of its value if enemies can easily switch away from the shielded target,Test whether target switching provides sufficient counterplay without making Arcane Shield too easy to ignore,Not Tested,,,,
RISK_011,Engagement Reliability,HOR_01,Blade Goblin may be unable to reliably reach melee range and trigger Blood Rush because of its low durability and lack of mobility tools,Measure how often Goblin reaches intended backline targets and how much of the 4-second Blood Rush window is spent dealing effective damage,Not Tested,,,,
RISK_012,Defensive Reliability,HOR_02,Stone Skin may provide very low value if enemies can disengage or bypass the immobile Stone Ogre during its 4-second duration,Measure prevented damage and enemy target switching during Stone Skin to determine whether immobility creates sufficient counterplay without making the ability too easy to ignore,Not Tested,,,,
RISK_013,Barrage Reliability,HOR_03,Knife Barrage may lose too much of its potential damage when the target dies or leaves attack range before all five knives are released,"Measure average knives landed per Barrage and compare damage efficiency across mobile, fragile, and durable targets",Not Tested,,,,
RISK_014,Knockback Interaction,HOR_04; HOR_03; HOR_01,Bone Smash knockback may unintentionally move enemies away from allied damage dealers and reduce Horde follow-up damage,Test Bone Smash from different attack angles and measure whether knockback improves or reduces follow-up damage from Goblin and Orc Thrower,Not Tested,,,,
RISK_015,Cost Efficiency,UND_01,Skeleton Swordsman may provide excessive total combat value for its low cost due to Reassemble,Compare Skeleton cost efficiency and effective survivability before and after the cost increase,Adjusted — Retest Required,,,,
RISK_016,Power Window,HOR_01,Blood Rush may not create a strong enough temporary offensive threat,Compare Goblin damage output during Blood Rush before and after the Attack Speed bonus increase,Adjusted — Retest Required,,,,