Scenario_ID,Attacker_ID,Defender_ID,Scenario,Attacker_DPS,Defender_HP,Ability_Modifier,Effective_DPS,Time_to_Kill,Notes,Adjusted_Result,Unit,Result_Description,Finding,Balance_Interpretation,Action,Risk_Link
SCN_001,HOR_01,UND_01,Goblin vs Skeleton — Base,75,800,1,75,"10,66666667",Baseline; ignores Reassemble,"10,66666667",sec,Baseline TTK,Finding,Balance_Interpretation,Action,Risk_Link
SCN_002,HOR_01,UND_01,Goblin vs Skeleton — Blood Rush,75,800,"1,5","112,5","7,111111111",Blood Rush lasts only 4 sec; theoretical TTK assumes permanent bonus,"8,666666667",sec,Adjusted TTK with temporary Blood Rush,Baseline TTK = 10.67 sec,Provides a reference combat duration for comparing modified Goblin vs Skeleton scenarios,Keep as baseline reference,—
SCN_003,ELF_03,HOR_02,Focused Bolt vs Stone Ogre,132,1760,"2,5",330,"5,333333333","Focused Bolt single-hit analysis; Time_to_Kill represents equivalent number of full-damage bolts, not seconds",198,damage,Focused Bolt damage during Stone Skin,"Theoretical TTK = 7.11 sec, but Blood Rush lasts only 4 sec","Blood Rush creates a strong temporary damage window, but the simple TTK calculation overestimates its duration because the bonus does not remain active until the target dies",Recalculate using a two-phase damage model,—
SCN_004,HOR_03,ELF_03,Knife Barrage vs Elven Mage,132,800,"2,25",297,3,Maximum Knife Barrage damage if all 5 knives hit; no retarget,297,damage,Maximum Knife Barrage damage,Focused Bolt deals 330 raw damage and 198 damage during Stone Skin,"Stone Skin reduces Focused Bolt damage by 40%, creating a meaningful defensive timing interaction",Keep interaction and validate in combat testing,—
SCN_005,UND_03; UND_04,HOR_01,Combined Undead Debuffs vs Goblin,"112,5",800,"0,68","76,5","10,45751634",Steady-state value after both debuffs are active; Cursed Spear requires 3 hits before activation,"76,5",DPS,Blood Rush DPS after both Undead debuffs are active,Knife Barrage deals up to 297 total damage,"A full Knife Barrage deals 2.25x base damage if all five knives hit, but requires the target to remain valid for the full barrage",Test hit reliability and interruption frequency,—
SCN_006,UND_01,UND_01,Skeleton Reassemble — Effective HP,800,800,"1,35",1080,,Assumes Reassemble succeeds and restored HP is fully consumed,1080,HP,Theoretical total HP including Reassemble,Combined Undead debuffs reduce normalized DPS to 68%,"Simultaneous Cursed Spear and Curse theoretically reduce sustained DPS by 32%, creating potentially strong debuff synergy",Test combined debuffs against multiple attacker archetypes,RISK_001
SCN_007,UND_02,UND_02,Bone Dragon — Death Feast per Death,1440,1440,"0,03","43,2",,Healing generated by one nearby death,"43,2",HP,Death Feast healing from one death,Reassemble increases theoretical Skeleton HP from 800 to 1080,"A successful Reassemble increases theoretical total HP by 35%, but the 4-second delay creates a counterplay window",Test Reassemble success rate in realistic combat,—
SCN_008,UND_02,UND_02,Bone Dragon — Death Feast Heal Cap,1440,1440,"0,06","86,4",,Maximum Death Feast healing allowed per second,"86,4",HP/sec,Maximum Death Feast healing per second,One nearby death heals Bone Dragon for 43.2 HP,"Individual Death Feast triggers are small, so ability value depends strongly on nearby death frequency",Test healing across different numbers of nearby deaths,RISK_004
SCN_009,HOR_01,UND_04,Blood Rush vs Curse,75,800,"1,2",90,"8,888888889",Multiplicative model: Blood Rush bonus combined with Curse Attack Speed reduction,90,DPS,Goblin effective DPS during Blood Rush while Cursed,Death Feast healing is capped at 86.4 HP/sec,The healing cap limits extreme sustain when many units die simultaneously,Test whether the cap prevents excessive sustain in large fights,RISK_004
SCN_010,HOR_04,ELF_03,Bone Smash vs Focused Bolt,"1,5",2,"0,75",75,"0,5",Compares Bone Smash stun duration with Focused Bolt charge time; assumes successful interrupt timing,75,%,Stun duration as percentage of Focused Bolt charge time,Blood Rush + Curse produces 90 DPS under the current multiplicative model,"Curse partially offsets Blood Rush, but the result depends on the chosen Attack Speed stacking rule",Compare additive and multiplicative stacking models,RISK_006
SCN_011,UND_03,Generic Target,Cursed Spear — Time to Proc,1.2,3,2,2.4,2.4,Time from first successful hit to third hit; 3 hits require 2 attack intervals,2.4,sec,Cursed Spear activation time,,,,
SCN_012,Generic Enemy,ELF_02,Bear — Base Survivability,100,1600,1,100,16,Baseline survivability model using normalized 100 DPS incoming damage,16,sec,Bear baseline theoretical TTK,,,,
SCN_013,Generic Enemy,ELF_02,Bear + Arcane Shield,100,1600,1,100,19.5,Arcane Shield adds 350 HP; theoretical effective HP = 1600+350 = 1950,19.5,sec,Bear theoretical TTK with Arcane Shield,,,,