Interaction_ID,Source_Unit,Source_Ability,Target_Unit,Target_Ability,Interaction_Type,Interaction_Description,Expected_Result,Needs_Testing
INT_001,HOR_02,Stone Skin,ELF_03,Focused Bolt,Timing Interaction,Stone Skin reduces Focused Bolt damage during the fortify window,Elven Mage is encouraged to delay Focused Bolt until Stone Skin expires,Yes
INT_002,ELF_01,Evasive Step,HOR_03,Knife Barrage,Soft Counter,Evasive Step may move the target outside Knife Barrage range,Correct dash timing may interrupt the remaining barrage,Yes
INT_003,HOR_04,Bone Smash,ELF_03,Focused Bolt,Soft Counter,Bone Smash interrupts Focused Bolt through crowd control,Troll can cancel the cast if it reaches the Mage before the charge completes,Yes
INT_004,ELF_02,Guardian Roar,HOR_01,Blood Rush,Soft Counter,Guardian Roar can redirect Blood Rush attacks from a fragile ally to the Bear,Part of the Goblin's high-damage engagement window may be spent attacking the tank,Yes
INT_005,ELF_04,Arcane Shield,ELF_02,Guardian Roar,Synergy,Arcane Shield can absorb part of the focused damage caused by Guardian Roar,The Bear survives focused enemy attacks longer while protecting fragile allies,Yes
INT_006,UND_01,Reassemble,UND_02,Death Feast,Synergy,Reassemble allows one Skeleton to potentially generate two death events for Death Feast,Bone Dragon may receive additional sustain from reassembled Skeleton deaths,Yes
INT_007,UND_01,Reassemble,HOR_01,Blood Rush,Soft Counter,Skeleton may absorb the Goblin's Blood Rush engagement window and later reassemble,Goblin may spend part of its temporary attack speed bonus on a disposable target,Yes
INT_008,UND_01,Reassemble,HOR_03,Knife Barrage,Soft Counter,Knife Barrage may be spent killing a Skeleton that can later reassemble,Orc Thrower may trade a 10-second cooldown for only temporarily removing the Skeleton,Yes
INT_009,UND_01,Reassemble,HOR_04,Bone Smash,Soft Counter,Skeleton can absorb Bone Smash and still return through Reassemble after death,Troll may spend valuable crowd control on a disposable frontline unit instead of a high-value target,Yes
INT_010,UND_03,Cursed Spear,UND_02,Death Feast,Synergy,Cursed Spear reduces incoming enemy damage while Bone Dragon sustains the frontline through Death Feast,Reduced incoming damage may give Bone Dragon more time to benefit from nearby death events,Yes
INT_011,UND_04,Curse,UND_02,Death Feast,Synergy,Curse reduces enemy attack speed while Bone Dragon holds the frontline,Lower enemy attack frequency may increase the time available for Death Feast healing to generate value,Yes
INT_012,UND_03,Cursed Spear,ELF_03,Focused Bolt,Soft Counter,Cursed Spear reduces the damage of Focused Bolt if the Mage is debuffed before the cast resolves,Focused Bolt retains its burst role but deals reduced damage while the debuff is active,Yes
INT_013,UND_03,Cursed Spear,HOR_01,Blood Rush,Soft Counter,Cursed Spear reduces the damage of individual Goblin attacks during Blood Rush without removing the attack speed bonus,Goblin keeps its faster attacks but may generate less total damage during the engagement window,Yes
INT_014,UND_04,Curse,HOR_01,Blood Rush,Soft Counter,Curse reduces Goblin attack speed while Blood Rush temporarily increases it,Curse may partially offset the Goblin's temporary attack speed advantage during Blood Rush,Yes
INT_015,UND_04,Curse,HOR_03,Knife Barrage,Soft Counter,Curse reduces Orc Thrower's basic attack frequency but does not change the fixed timing inside Knife Barrage,Orc Thrower may generate less sustained basic-attack pressure while retaining the full timing of Knife Barrage,Yes
INT_016,ELF_01,Evasive Step,ELF_02,Guardian Roar,Synergy,"Evasive Step can reposition the Swordsman toward the Bear, allowing Guardian Roar to help redirect nearby enemy pressure",Correct repositioning may allow the low-durability Swordsman to disengage while the Bear takes over frontline pressure,Yes
INT_017,ELF_01,Evasive Step,UND_04,Curse,Timing Interaction,Evasive Step can be used to pressure the low-durability Witch before or after she commits Curse,Swordsman timing may either threaten Witch before Curse is cast or exploit the 12-second cooldown after its use,Yes
INT_018,ELF_02,Guardian Roar,ELF_03,Focused Bolt,Synergy,Guardian Roar can redirect nearby enemy pressure while Elven Mage charges Focused Bolt,The 2.5-second taunt window may provide enough protection for the Mage to complete the 2-second cast,Yes
INT_019,ELF_02,Guardian Roar,UND_02,Death Feast,Positioning Interaction,Guardian Roar may reposition nearby Undead units relative to Bone Dragon before they die,"Deaths within 5 tiles may heal Bone Dragon, while pulling units outside the trigger radius may deny Death Feast healing",Yes
INT_020,ELF_04,Arcane Shield,ELF_03,Focused Bolt,Synergy,Arcane Shield can absorb incoming damage while Elven Mage remains stationary during Focused Bolt charge,The shield may increase the probability that Mage survives long enough to complete the 2-second cast,Yes
INT_021,ELF_03,Focused Bolt,HOR_03,Knife Barrage,Timing Interaction,"Orc Thrower becomes stationary during Knife Barrage, creating a predictable target window for Focused Bolt","Mage may exploit Orc Thrower's stationary barrage window, while the Orc may simultaneously pressure the stationary Mage",Yes
INT_022,ELF_04,Arcane Shield,ELF_01,Evasive Step,Synergy,Arcane Shield can protect the low-durability Swordsman while he uses Evasive Step to disengage from enemy pressure,The shield may allow Swordsman to survive incoming damage while repositioning toward the allied formation,Yes
INT_023,ELF_04,Arcane Shield,HOR_03,Knife Barrage,Soft Counter,Arcane Shield can absorb part of the repeated damage dealt by Knife Barrage,Shield may absorb one or more Knife Barrage hits depending on its final Shield Amount,Yes
INT_024,HOR_04,Bone Smash,HOR_01,Blood Rush,Synergy,Bone Smash can stun an enemy target and create a short engagement window for Blade Goblin to reach it and trigger Blood Rush,Crowd control may help Goblin secure its first melee hit and spend more of the Blood Rush window attacking the intended target,Yes
INT_025,HOR_01,Blood Rush,ELF_03,Focused Bolt,Timing Interaction,"Elven Mage becomes stationary while charging Focused Bolt, creating an engagement window for Blade Goblin",Goblin pressure may force the Mage to cancel Focused Bolt or risk taking sustained melee damage during the charge,Yes
INT_026,HOR_02,Stone Skin,HOR_01,Blood Rush,Synergy,Stone Ogre can absorb frontline pressure during Stone Skin while Blade Goblin approaches a higher-value target,The defensive window may create space for Goblin to reach melee range and trigger Blood Rush without becoming the primary target too early,Yes
INT_027,ELF_01,Evasive Step,HOR_02,Stone Skin,Soft Counter,Evasive Step may allow Swordsman to reposition around the immobile Stone Ogre during Stone Skin,Swordsman may avoid spending damage on the fortified Ogre and pressure a more valuable target behind the frontline,Yes
INT_028,HOR_04,Bone Smash,HOR_03,Knife Barrage,Synergy,Bone Smash can stun an enemy long enough for Orc Thrower to perform the full Knife Barrage sequence,The 1.5-second stun may prevent the target from repositioning during the approximately 0.8-second five-knife sequence,Yes
INT_029,HOR_04,Bone Smash,HOR_03,Knife Barrage,Negative Synergy,Bone Smash may knock the current Knife Barrage target outside Orc Thrower's attack range,"Poor knockback timing may end Knife Barrage early, causing unused knives to be lost while the ability remains on cooldown",Yes