Ogre_HP,Opponent_ID,Opponent_Name,Opponent_Role,Result,Winner_ID,Winner,Combat_Time,Ogre_Remaining_HP,Opponent_Remaining_HP,Ogre_Attacks,Opponent_Attacks,Ogre_Damage_Dealt,Opponent_Damage_Dealt,Control_Result,Result_Changed_From_Control
1760,UND_01,Skeleton Swordsman,Infantry,Win,HOR_02,Stone Ogre,14.4,464.0,0.0,9,16,820.8,1296.0,Win,No
1760,UND_02,Bone Dragon,Tank,Win,HOR_02,Stone Ogre,25.6,224.0,0.0,16,16,1459.2,1536.0,Win,No
1760,UND_03,Spear Devil,Ranged,Win,HOR_02,Stone Ogre,14.4,176.0,0.0,9,12,820.8,1584.0,Win,No
1760,UND_04,Witch,Support,Win,HOR_02,Stone Ogre,12.8,878.0,0.0,8,9,729.6,882.0,Win,No
1760,ELF_01,Elven Swordsman,Infantry,Draw,,,17.6,0.0,0.0,11,22,1003.2,1760.0,Draw,No
1760,ELF_02,Great Forest Bear,Tank,Win,HOR_02,Stone Ogre,28.8,32.0,0.0,18,18,1641.6,1728.0,Win,No
1760,ELF_03,Elven Mage,Ranged,Win,HOR_02,Stone Ogre,14.4,176.0,0.0,9,12,820.8,1584.0,Win,No
1760,ELF_04,Elven Scholar,Support,Win,HOR_02,Stone Ogre,12.8,878.0,0.0,8,9,729.6,882.0,Win,No
1760,HOR_01,Blade Goblin,Infantry,Win,HOR_02,Stone Ogre,16.0,563.04,0.0,10,16,912.0,1196.96,Win,No
1760,HOR_03,Orc Thrower,Ranged,Win,HOR_02,Stone Ogre,14.4,176.0,0.0,9,12,820.8,1584.0,Win,No
1760,HOR_04,Boneclub Troll,Support,Win,HOR_02,Stone Ogre,12.8,878.0,0.0,8,9,729.6,882.0,Win,No
1750,UND_01,Skeleton Swordsman,Infantry,Win,HOR_02,Stone Ogre,14.4,454.0,0.0,9,16,820.8,1296.0,Win,No
1750,UND_02,Bone Dragon,Tank,Win,HOR_02,Stone Ogre,25.6,214.0,0.0,16,16,1459.2,1536.0,Win,No
1750,UND_03,Spear Devil,Ranged,Win,HOR_02,Stone Ogre,14.4,166.0,0.0,9,12,820.8,1584.0,Win,No
1750,UND_04,Witch,Support,Win,HOR_02,Stone Ogre,12.8,868.0,0.0,8,9,729.6,882.0,Win,No
1750,ELF_01,Elven Swordsman,Infantry,Draw,,,17.6,0.0,0.0,11,22,1003.2,1760.0,Draw,No
1750,ELF_02,Great Forest Bear,Tank,Win,HOR_02,Stone Ogre,28.8,22.0,0.0,18,18,1641.6,1728.0,Win,No
1750,ELF_03,Elven Mage,Ranged,Win,HOR_02,Stone Ogre,14.4,166.0,0.0,9,12,820.8,1584.0,Win,No
1750,ELF_04,Elven Scholar,Support,Win,HOR_02,Stone Ogre,12.8,868.0,0.0,8,9,729.6,882.0,Win,No
1750,HOR_01,Blade Goblin,Infantry,Win,HOR_02,Stone Ogre,16.0,553.04,0.0,10,16,912.0,1196.96,Win,No
1750,HOR_03,Orc Thrower,Ranged,Win,HOR_02,Stone Ogre,14.4,166.0,0.0,9,12,820.8,1584.0,Win,No
1750,HOR_04,Boneclub Troll,Support,Win,HOR_02,Stone Ogre,12.8,868.0,0.0,8,9,729.6,882.0,Win,No
1725,UND_01,Skeleton Swordsman,Infantry,Win,HOR_02,Stone Ogre,14.4,429.0,0.0,9,16,820.8,1296.0,Win,No
1725,UND_02,Bone Dragon,Tank,Win,HOR_02,Stone Ogre,25.6,189.0,0.0,16,16,1459.2,1536.0,Win,No
1725,UND_03,Spear Devil,Ranged,Win,HOR_02,Stone Ogre,14.4,141.0,0.0,9,12,820.8,1584.0,Win,No
1725,UND_04,Witch,Support,Win,HOR_02,Stone Ogre,12.8,843.0,0.0,8,9,729.6,882.0,Win,No
1725,ELF_01,Elven Swordsman,Infantry,Draw,,,17.6,0.0,0.0,11,22,1003.2,1760.0,Draw,No
1725,ELF_02,Great Forest Bear,Tank,Draw,,,28.8,0.0,0.0,18,18,1641.6,1728.0,Win,Yes
1725,ELF_03,Elven Mage,Ranged,Win,HOR_02,Stone Ogre,14.4,141.0,0.0,9,12,820.8,1584.0,Win,No
1725,ELF_04,Elven Scholar,Support,Win,HOR_02,Stone Ogre,12.8,843.0,0.0,8,9,729.6,882.0,Win,No
1725,HOR_01,Blade Goblin,Infantry,Win,HOR_02,Stone Ogre,16.0,528.04,0.0,10,16,912.0,1196.96,Win,No
1725,HOR_03,Orc Thrower,Ranged,Win,HOR_02,Stone Ogre,14.4,141.0,0.0,9,12,820.8,1584.0,Win,No
1725,HOR_04,Boneclub Troll,Support,Win,HOR_02,Stone Ogre,12.8,843.0,0.0,8,9,729.6,882.0,Win,No
1700,UND_01,Skeleton Swordsman,Infantry,Win,HOR_02,Stone Ogre,14.4,404.0,0.0,9,16,820.8,1296.0,Win,No
1700,UND_02,Bone Dragon,Tank,Win,HOR_02,Stone Ogre,25.6,164.0,0.0,16,16,1459.2,1536.0,Win,No
1700,UND_03,Spear Devil,Ranged,Win,HOR_02,Stone Ogre,14.4,116.0,0.0,9,12,820.8,1584.0,Win,No
1700,UND_04,Witch,Support,Win,HOR_02,Stone Ogre,12.8,818.0,0.0,8,9,729.6,882.0,Win,No
1700,ELF_01,Elven Swordsman,Infantry,Draw,,,17.6,0.0,0.0,11,22,1003.2,1760.0,Draw,No
1700,ELF_02,Great Forest Bear,Tank,Draw,,,28.8,0.0,0.0,18,18,1641.6,1728.0,Win,Yes
1700,ELF_03,Elven Mage,Ranged,Win,HOR_02,Stone Ogre,14.4,116.0,0.0,9,12,820.8,1584.0,Win,No
1700,ELF_04,Elven Scholar,Support,Win,HOR_02,Stone Ogre,12.8,818.0,0.0,8,9,729.6,882.0,Win,No
1700,HOR_01,Blade Goblin,Infantry,Win,HOR_02,Stone Ogre,16.0,503.04,0.0,10,16,912.0,1196.96,Win,No
1700,HOR_03,Orc Thrower,Ranged,Win,HOR_02,Stone Ogre,14.4,116.0,0.0,9,12,820.8,1584.0,Win,No
1700,HOR_04,Boneclub Troll,Support,Win,HOR_02,Stone Ogre,12.8,818.0,0.0,8,9,729.6,882.0,Win,No
1675,UND_01,Skeleton Swordsman,Infantry,Win,HOR_02,Stone Ogre,14.4,379.0,0.0,9,16,820.8,1296.0,Win,No
1675,UND_02,Bone Dragon,Tank,Win,HOR_02,Stone Ogre,25.6,139.0,0.0,16,16,1459.2,1536.0,Win,No
1675,UND_03,Spear Devil,Ranged,Win,HOR_02,Stone Ogre,14.4,91.0,0.0,9,12,820.8,1584.0,Win,No
1675,UND_04,Witch,Support,Win,HOR_02,Stone Ogre,12.8,793.0,0.0,8,9,729.6,882.0,Win,No
1675,ELF_01,Elven Swordsman,Infantry,Loss,ELF_01,Elven Swordsman,16.8,0.0,38.0,10,21,912.0,1680.0,Draw,Yes
1675,ELF_02,Great Forest Bear,Tank,Draw,,,28.8,0.0,0.0,18,18,1641.6,1728.0,Win,Yes
1675,ELF_03,Elven Mage,Ranged,Win,HOR_02,Stone Ogre,14.4,91.0,0.0,9,12,820.8,1584.0,Win,No
1675,ELF_04,Elven Scholar,Support,Win,HOR_02,Stone Ogre,12.8,793.0,0.0,8,9,729.6,882.0,Win,No
1675,HOR_01,Blade Goblin,Infantry,Win,HOR_02,Stone Ogre,16.0,478.04,0.0,10,16,912.0,1196.96,Win,No
1675,HOR_03,Orc Thrower,Ranged,Win,HOR_02,Stone Ogre,14.4,91.0,0.0,9,12,820.8,1584.0,Win,No
1675,HOR_04,Boneclub Troll,Support,Win,HOR_02,Stone Ogre,12.8,793.0,0.0,8,9,729.6,882.0,Win,No
1650,UND_01,Skeleton Swordsman,Infantry,Win,HOR_02,Stone Ogre,14.4,354.0,0.0,9,16,820.8,1296.0,Win,No
1650,UND_02,Bone Dragon,Tank,Win,HOR_02,Stone Ogre,25.6,114.0,0.0,16,16,1459.2,1536.0,Win,No
1650,UND_03,Spear Devil,Ranged,Win,HOR_02,Stone Ogre,14.4,66.0,0.0,9,12,820.8,1584.0,Win,No
1650,UND_04,Witch,Support,Win,HOR_02,Stone Ogre,12.8,768.0,0.0,8,9,729.6,882.0,Win,No
1650,ELF_01,Elven Swordsman,Infantry,Loss,ELF_01,Elven Swordsman,16.8,0.0,38.0,10,21,912.0,1680.0,Draw,Yes
1650,ELF_02,Great Forest Bear,Tank,Draw,,,28.8,0.0,0.0,18,18,1641.6,1728.0,Win,Yes
1650,ELF_03,Elven Mage,Ranged,Win,HOR_02,Stone Ogre,14.4,66.0,0.0,9,12,820.8,1584.0,Win,No
1650,ELF_04,Elven Scholar,Support,Win,HOR_02,Stone Ogre,12.8,768.0,0.0,8,9,729.6,882.0,Win,No
1650,HOR_01,Blade Goblin,Infantry,Win,HOR_02,Stone Ogre,16.0,453.04,0.0,10,16,912.0,1196.96,Win,No
1650,HOR_03,Orc Thrower,Ranged,Win,HOR_02,Stone Ogre,14.4,66.0,0.0,9,12,820.8,1584.0,Win,No
1650,HOR_04,Boneclub Troll,Support,Win,HOR_02,Stone Ogre,12.8,768.0,0.0,8,9,729.6,882.0,Win,No
1625,UND_01,Skeleton Swordsman,Infantry,Win,HOR_02,Stone Ogre,14.4,329.0,0.0,9,16,820.8,1296.0,Win,No
1625,UND_02,Bone Dragon,Tank,Win,HOR_02,Stone Ogre,25.6,89.0,0.0,16,16,1459.2,1536.0,Win,No
1625,UND_03,Spear Devil,Ranged,Win,HOR_02,Stone Ogre,14.4,41.0,0.0,9,12,820.8,1584.0,Win,No
1625,UND_04,Witch,Support,Win,HOR_02,Stone Ogre,12.8,743.0,0.0,8,9,729.6,882.0,Win,No
1625,ELF_01,Elven Swordsman,Infantry,Loss,ELF_01,Elven Swordsman,16.8,0.0,38.0,10,21,912.0,1680.0,Draw,Yes
1625,ELF_02,Great Forest Bear,Tank,Loss,ELF_02,Great Forest Bear,27.2,0.0,49.6,17,17,1550.4,1632.0,Win,Yes
1625,ELF_03,Elven Mage,Ranged,Win,HOR_02,Stone Ogre,14.4,41.0,0.0,9,12,820.8,1584.0,Win,No
1625,ELF_04,Elven Scholar,Support,Win,HOR_02,Stone Ogre,12.8,743.0,0.0,8,9,729.6,882.0,Win,No
1625,HOR_01,Blade Goblin,Infantry,Win,HOR_02,Stone Ogre,16.0,428.04,0.0,10,16,912.0,1196.96,Win,No
1625,HOR_03,Orc Thrower,Ranged,Win,HOR_02,Stone Ogre,14.4,41.0,0.0,9,12,820.8,1584.0,Win,No
1625,HOR_04,Boneclub Troll,Support,Win,HOR_02,Stone Ogre,12.8,743.0,0.0,8,9,729.6,882.0,Win,No
1600,UND_01,Skeleton Swordsman,Infantry,Win,HOR_02,Stone Ogre,14.4,304.0,0.0,9,16,820.8,1296.0,Win,No
1600,UND_02,Bone Dragon,Tank,Win,HOR_02,Stone Ogre,25.6,64.0,0.0,16,16,1459.2,1536.0,Win,No
1600,UND_03,Spear Devil,Ranged,Win,HOR_02,Stone Ogre,14.4,16.0,0.0,9,12,820.8,1584.0,Win,No
1600,UND_04,Witch,Support,Win,HOR_02,Stone Ogre,12.8,718.0,0.0,8,9,729.6,882.0,Win,No
1600,ELF_01,Elven Swordsman,Infantry,Loss,ELF_01,Elven Swordsman,16.0,0.0,38.0,10,20,912.0,1600.0,Draw,Yes
1600,ELF_02,Great Forest Bear,Tank,Loss,ELF_02,Great Forest Bear,27.2,0.0,49.6,17,17,1550.4,1632.0,Win,Yes
1600,ELF_03,Elven Mage,Ranged,Win,HOR_02,Stone Ogre,14.4,16.0,0.0,9,12,820.8,1584.0,Win,No
1600,ELF_04,Elven Scholar,Support,Win,HOR_02,Stone Ogre,12.8,718.0,0.0,8,9,729.6,882.0,Win,No
1600,HOR_01,Blade Goblin,Infantry,Win,HOR_02,Stone Ogre,16.0,403.04,0.0,10,16,912.0,1196.96,Win,No
1600,HOR_03,Orc Thrower,Ranged,Win,HOR_02,Stone Ogre,14.4,16.0,0.0,9,12,820.8,1584.0,Win,No
1600,HOR_04,Boneclub Troll,Support,Win,HOR_02,Stone Ogre,12.8,718.0,0.0,8,9,729.6,882.0,Win,No
