Base_Run,Compared_Run,Matchup,Base_Result,Compared_Result,Changed,Changed_Fields_Count,Changed_Fields
1,2,ROW_001,Win,Win,No,0,
1,2,ROW_002,Win,Win,No,0,
1,2,ROW_003,Win,Win,No,0,
1,2,ROW_004,Win,Win,No,0,
1,2,ROW_005,Win,Win,No,0,
1,2,ROW_006,Win,Win,No,0,
1,2,ROW_007,Win,Win,No,0,
1,2,ROW_008,Win,Win,No,0,
1,2,ROW_009,Win,Win,No,0,
1,2,ROW_010,Win,Win,No,0,
1,2,ROW_011,Win,Win,No,0,
1,2,ROW_012,Win,Win,No,0,
1,2,ROW_013,Win,Win,No,0,
1,2,ROW_014,Win,Win,No,0,
1,2,ROW_015,Win,Win,No,0,
1,2,ROW_016,Win,Win,No,0,
1,2,ROW_017,Win,Win,No,0,
1,2,ROW_018,Win,Win,No,0,
1,2,ROW_019,Win,Win,No,0,
1,2,ROW_020,Win,Win,No,0,
1,2,ROW_021,Win,Win,No,0,
1,2,ROW_022,Win,Win,No,0,
1,2,ROW_023,Win,Win,No,0,
1,2,ROW_024,Win,Win,No,0,
1,2,ROW_025,Draw,Draw,No,0,
1,2,ROW_026,Win,Win,No,0,
1,2,ROW_027,Win,Win,No,0,
1,2,ROW_028,Win,Win,No,0,
1,2,ROW_029,Draw,Draw,No,0,
1,2,ROW_030,Win,Win,No,0,
1,2,ROW_031,Win,Win,No,0,
1,2,ROW_032,Win,Win,No,0,
1,2,ROW_033,Win,Win,No,0,
1,2,ROW_034,Draw,Draw,No,0,
1,2,ROW_035,Win,Win,No,0,
1,2,ROW_036,Win,Win,No,0,
1,2,ROW_037,Win,Win,No,0,
1,2,ROW_038,Draw,Draw,No,0,
1,2,ROW_039,Draw,Draw,No,0,
1,2,ROW_040,Win,Win,No,0,
1,2,ROW_041,Win,Win,No,0,
1,2,ROW_042,Win,Win,No,0,
1,2,ROW_043,Draw,Draw,No,0,
1,2,ROW_044,Win,Win,No,0,
1,2,ROW_045,Win,Win,No,0,
1,2,ROW_046,Win,Win,No,0,
1,2,ROW_047,Win,Win,No,0,
1,2,ROW_048,Win,Win,No,0,
1,2,ROW_049,Win,Win,No,0,
1,2,ROW_050,Win,Win,No,0,
1,2,ROW_051,Win,Win,No,0,
1,2,ROW_052,Win,Win,No,0,
1,2,ROW_053,Win,Win,No,0,
1,2,ROW_054,Win,Win,No,0,
1,2,ROW_055,Draw,Draw,No,0,
1,2,ROW_056,Win,Win,No,0,
1,2,ROW_057,Win,Win,No,0,
1,2,ROW_058,Win,Win,No,0,
1,2,ROW_059,Win,Win,No,0,
1,2,ROW_060,Draw,Draw,No,0,
1,2,ROW_061,Win,Win,No,0,
1,2,ROW_062,Win,Win,No,0,
1,2,ROW_063,Win,Win,No,0,
1,2,ROW_064,Win,Win,No,0,
1,2,ROW_065,Win,Win,No,0,
1,2,ROW_066,Win,Win,No,0,
1,3,ROW_001,Win,Win,No,0,
1,3,ROW_002,Win,Win,No,0,
1,3,ROW_003,Win,Win,No,0,
1,3,ROW_004,Win,Win,No,0,
1,3,ROW_005,Win,Win,No,0,
1,3,ROW_006,Win,Win,No,0,
1,3,ROW_007,Win,Win,No,0,
1,3,ROW_008,Win,Win,No,0,
1,3,ROW_009,Win,Win,No,0,
1,3,ROW_010,Win,Win,No,0,
1,3,ROW_011,Win,Win,No,0,
1,3,ROW_012,Win,Win,No,0,
1,3,ROW_013,Win,Win,No,0,
1,3,ROW_014,Win,Win,No,0,
1,3,ROW_015,Win,Win,No,0,
1,3,ROW_016,Win,Win,No,0,
1,3,ROW_017,Win,Win,No,0,
1,3,ROW_018,Win,Win,No,0,
1,3,ROW_019,Win,Win,No,0,
1,3,ROW_020,Win,Win,No,0,
1,3,ROW_021,Win,Win,No,0,
1,3,ROW_022,Win,Win,No,0,
1,3,ROW_023,Win,Win,No,0,
1,3,ROW_024,Win,Win,No,0,
1,3,ROW_025,Draw,Draw,No,0,
1,3,ROW_026,Win,Win,No,0,
1,3,ROW_027,Win,Win,No,0,
1,3,ROW_028,Win,Win,No,0,
1,3,ROW_029,Draw,Draw,No,0,
1,3,ROW_030,Win,Win,No,0,
1,3,ROW_031,Win,Win,No,0,
1,3,ROW_032,Win,Win,No,0,
1,3,ROW_033,Win,Win,No,0,
1,3,ROW_034,Draw,Draw,No,0,
1,3,ROW_035,Win,Win,No,0,
1,3,ROW_036,Win,Win,No,0,
1,3,ROW_037,Win,Win,No,0,
1,3,ROW_038,Draw,Draw,No,0,
1,3,ROW_039,Draw,Draw,No,0,
1,3,ROW_040,Win,Win,No,0,
1,3,ROW_041,Win,Win,No,0,
1,3,ROW_042,Win,Win,No,0,
1,3,ROW_043,Draw,Draw,No,0,
1,3,ROW_044,Win,Win,No,0,
1,3,ROW_045,Win,Win,No,0,
1,3,ROW_046,Win,Win,No,0,
1,3,ROW_047,Win,Win,No,0,
1,3,ROW_048,Win,Win,No,0,
1,3,ROW_049,Win,Win,No,0,
1,3,ROW_050,Win,Win,No,0,
1,3,ROW_051,Win,Win,No,0,
1,3,ROW_052,Win,Win,No,0,
1,3,ROW_053,Win,Win,No,0,
1,3,ROW_054,Win,Win,No,0,
1,3,ROW_055,Draw,Draw,No,0,
1,3,ROW_056,Win,Win,No,0,
1,3,ROW_057,Win,Win,No,0,
1,3,ROW_058,Win,Win,No,0,
1,3,ROW_059,Win,Win,No,0,
1,3,ROW_060,Draw,Draw,No,0,
1,3,ROW_061,Win,Win,No,0,
1,3,ROW_062,Win,Win,No,0,
1,3,ROW_063,Win,Win,No,0,
1,3,ROW_064,Win,Win,No,0,
1,3,ROW_065,Win,Win,No,0,
1,3,ROW_066,Win,Win,No,0,
1,4,ROW_001,Win,Win,No,0,
1,4,ROW_002,Win,Win,No,0,
1,4,ROW_003,Win,Win,No,0,
1,4,ROW_004,Win,Win,No,0,
1,4,ROW_005,Win,Win,No,0,
1,4,ROW_006,Win,Win,No,0,
1,4,ROW_007,Win,Win,No,0,
1,4,ROW_008,Win,Win,No,0,
1,4,ROW_009,Win,Win,No,0,
1,4,ROW_010,Win,Win,No,0,
1,4,ROW_011,Win,Win,No,0,
1,4,ROW_012,Win,Win,No,0,
1,4,ROW_013,Win,Win,No,0,
1,4,ROW_014,Win,Win,No,0,
1,4,ROW_015,Win,Win,No,0,
1,4,ROW_016,Win,Win,No,0,
1,4,ROW_017,Win,Win,No,0,
1,4,ROW_018,Win,Win,No,0,
1,4,ROW_019,Win,Win,No,0,
1,4,ROW_020,Win,Win,No,0,
1,4,ROW_021,Win,Win,No,0,
1,4,ROW_022,Win,Win,No,0,
1,4,ROW_023,Win,Win,No,0,
1,4,ROW_024,Win,Win,No,0,
1,4,ROW_025,Draw,Draw,No,0,
1,4,ROW_026,Win,Win,No,0,
1,4,ROW_027,Win,Win,No,0,
1,4,ROW_028,Win,Win,No,0,
1,4,ROW_029,Draw,Draw,No,0,
1,4,ROW_030,Win,Win,No,0,
1,4,ROW_031,Win,Win,No,0,
1,4,ROW_032,Win,Win,No,0,
1,4,ROW_033,Win,Win,No,0,
1,4,ROW_034,Draw,Draw,No,0,
1,4,ROW_035,Win,Win,No,0,
1,4,ROW_036,Win,Win,No,0,
1,4,ROW_037,Win,Win,No,0,
1,4,ROW_038,Draw,Draw,No,0,
1,4,ROW_039,Draw,Draw,No,0,
1,4,ROW_040,Win,Win,No,0,
1,4,ROW_041,Win,Win,No,0,
1,4,ROW_042,Win,Win,No,0,
1,4,ROW_043,Draw,Draw,No,0,
1,4,ROW_044,Win,Win,No,0,
1,4,ROW_045,Win,Win,No,0,
1,4,ROW_046,Win,Win,No,0,
1,4,ROW_047,Win,Win,No,0,
1,4,ROW_048,Win,Win,No,0,
1,4,ROW_049,Win,Win,No,0,
1,4,ROW_050,Win,Win,No,0,
1,4,ROW_051,Win,Win,No,0,
1,4,ROW_052,Win,Win,No,0,
1,4,ROW_053,Win,Win,No,0,
1,4,ROW_054,Win,Win,No,0,
1,4,ROW_055,Draw,Draw,No,0,
1,4,ROW_056,Win,Win,No,0,
1,4,ROW_057,Win,Win,No,0,
1,4,ROW_058,Win,Win,No,0,
1,4,ROW_059,Win,Win,No,0,
1,4,ROW_060,Draw,Draw,No,0,
1,4,ROW_061,Win,Win,No,0,
1,4,ROW_062,Win,Win,No,0,
1,4,ROW_063,Win,Win,No,0,
1,4,ROW_064,Win,Win,No,0,
1,4,ROW_065,Win,Win,No,0,
1,4,ROW_066,Win,Win,No,0,
1,5,ROW_001,Win,Win,No,0,
1,5,ROW_002,Win,Win,No,0,
1,5,ROW_003,Win,Win,No,0,
1,5,ROW_004,Win,Win,No,0,
1,5,ROW_005,Win,Win,No,0,
1,5,ROW_006,Win,Win,No,0,
1,5,ROW_007,Win,Win,No,0,
1,5,ROW_008,Win,Win,No,0,
1,5,ROW_009,Win,Win,No,0,
1,5,ROW_010,Win,Win,No,0,
1,5,ROW_011,Win,Win,No,0,
1,5,ROW_012,Win,Win,No,0,
1,5,ROW_013,Win,Win,No,0,
1,5,ROW_014,Win,Win,No,0,
1,5,ROW_015,Win,Win,No,0,
1,5,ROW_016,Win,Win,No,0,
1,5,ROW_017,Win,Win,No,0,
1,5,ROW_018,Win,Win,No,0,
1,5,ROW_019,Win,Win,No,0,
1,5,ROW_020,Win,Win,No,0,
1,5,ROW_021,Win,Win,No,0,
1,5,ROW_022,Win,Win,No,0,
1,5,ROW_023,Win,Win,No,0,
1,5,ROW_024,Win,Win,No,0,
1,5,ROW_025,Draw,Draw,No,0,
1,5,ROW_026,Win,Win,No,0,
1,5,ROW_027,Win,Win,No,0,
1,5,ROW_028,Win,Win,No,0,
1,5,ROW_029,Draw,Draw,No,0,
1,5,ROW_030,Win,Win,No,0,
1,5,ROW_031,Win,Win,No,0,
1,5,ROW_032,Win,Win,No,0,
1,5,ROW_033,Win,Win,No,0,
1,5,ROW_034,Draw,Draw,No,0,
1,5,ROW_035,Win,Win,No,0,
1,5,ROW_036,Win,Win,No,0,
1,5,ROW_037,Win,Win,No,0,
1,5,ROW_038,Draw,Draw,No,0,
1,5,ROW_039,Draw,Draw,No,0,
1,5,ROW_040,Win,Win,No,0,
1,5,ROW_041,Win,Win,No,0,
1,5,ROW_042,Win,Win,No,0,
1,5,ROW_043,Draw,Draw,No,0,
1,5,ROW_044,Win,Win,No,0,
1,5,ROW_045,Win,Win,No,0,
1,5,ROW_046,Win,Win,No,0,
1,5,ROW_047,Win,Win,No,0,
1,5,ROW_048,Win,Win,No,0,
1,5,ROW_049,Win,Win,No,0,
1,5,ROW_050,Win,Win,No,0,
1,5,ROW_051,Win,Win,No,0,
1,5,ROW_052,Win,Win,No,0,
1,5,ROW_053,Win,Win,No,0,
1,5,ROW_054,Win,Win,No,0,
1,5,ROW_055,Draw,Draw,No,0,
1,5,ROW_056,Win,Win,No,0,
1,5,ROW_057,Win,Win,No,0,
1,5,ROW_058,Win,Win,No,0,
1,5,ROW_059,Win,Win,No,0,
1,5,ROW_060,Draw,Draw,No,0,
1,5,ROW_061,Win,Win,No,0,
1,5,ROW_062,Win,Win,No,0,
1,5,ROW_063,Win,Win,No,0,
1,5,ROW_064,Win,Win,No,0,
1,5,ROW_065,Win,Win,No,0,
1,5,ROW_066,Win,Win,No,0,
